Score Function,Values
silhouette,0.6867263933729143
calinski,1250.7394215986103
davies,0.5211630712492596
rand,0.781195079086116
ari,0.55546739454518
mi,0.31535941715346794
nmi,0.5152531956281179
