Score Function,Values
silhouette,0.46251535415649414
calinski,1288.7221676624288
davies,0.5186797939275892
rand,0.9800118814822149
ari,0.9598620235240387
mi,0.6105672575791794
nmi,0.9128850921805982
